{
  "version": 1,
  "author": "Omar Shawada",
  "editor": "wokwi",
  "parts": [
    { "type": "wokwi-arduino-uno", "id": "uno", "top": 72.89, "left": -72.86, "attrs": {} },
    {
      "type": "wokwi-lcd2004",
      "id": "lcd1",
      "top": -165.03,
      "left": -80.35,
      "attrs": { "pins": "i2c" }
    },
    {
      "type": "wokwi-analog-joystick",
      "id": "joystick1",
      "top": 29.52,
      "left": 417.2,
      "attrs": {}
    }
  ],
  "connections": [
    [ "lcd1:GND", "uno:GND.3", "black", [ "h-99.08", "v442.43", "h279.73" ] ],
    [ "lcd1:VCC", "uno:5V", "red", [ "h-83.74", "v415.78", "h22.56" ] ],
    [ "lcd1:SCL", "uno:A5.2", "green", [ "h-11.56", "v161.27", "h100.16" ] ],
    [ "lcd1:SDA", "uno:A4.2", "green", [ "h-64.8", "v154.53", "h164.23" ] ],
    [ "joystick1:VCC", "uno:5V", "red", [ "v301.81", "h-364.11", "v-188.02" ] ],
    [ "joystick1:VERT", "uno:A0", "green", [ "v176.46", "h6.01" ] ],
    [ "joystick1:HORZ", "uno:A1", "green", [ "v156.19", "h-2.67" ] ],
    [ "joystick1:SEL", "uno:A2", "green", [ "v134.99", "h-4.9" ] ],
    [ "joystick1:GND", "uno:GND.2", "black", [ "v228.08", "h-395.14" ] ]
  ],
  "dependencies": {}
}